name,price
600000,6.89,20.58,2.9869375907111757
600004,10.63,7.28,0.6848541862652869
600006,6.5,4.15,0.6384615384615385
600007,20.31,9.4,0.46282619399310687
600008,2.75,3.95,1.4363636363636365
600009,37.27,15.88,0.4260799570700295
600010,1.61,1.16,0.7204968944099378
600011,7.67,8.39,1.09387222946545
600012,10.13,7.47,0.7374136229022704
600015,5.63,16.69,2.9644760213143875
600016,3.79,11.89,3.137203166226913
600017,2.83,4.49,1.5865724381625441
600018,4.99,4.97,0.9959919839679358
600019,6.17,8.83,1.4311183144246353
600020,3.47,6.23,1.7953890489913544
600021,8.76,7.67,0.8755707762557078
600022,1.42,2.01,1.4154929577464788
600023,4.53,4.68,1.033112582781457
600025,7.8,3.8,0.48717948717948717
600026,14.49,6.85,0.47273982056590746
600027,4.94,6.45,1.305668016194332
600028,5.51,6.73,1.221415607985481
600029,6.05,2.16,0.3570247933884298
600030,21.86,17.44,0.7978042086001831
600031,14.24,7.83,0.5498595505617977
600032,8.33,4.21,0.5054021608643458
600033,3.2,4.01,1.2531249999999998
600035,3.85,4.87,1.264935064935065
600036,30.99,34.13,1.101323007421749
600037,7.87,9.37,1.1905972045743327
600038,37.71,16.57,0.4394059931052771
600039,7.73,7.18,0.9288486416558861
600048,10.8,16.55,1.5324074074074074
600050,4.45,4.93,1.1078651685393257
600051,7.09,10.51,1.4823695345557122
600052,4.54,3.44,0.7577092511013216
600053,12.46,6.68,0.5361155698234349
600054,11.29,5.69,0.5039858281665192
600055,17.87,6.59,0.3687744823726916
600056,11.83,7.41,0.6263736263736264
600057,6.47,7.67,1.1854714064914993
600058,9.24,5.45,0.5898268398268398
600059,9.62,6.09,0.6330561330561331
600060,23.55,13.91,0.5906581740976645
600061,6.78,8.12,1.1976401179941
600062,16.51,9.98,0.6044821320411872
600063,4.67,3.67,0.7858672376873662
600064,6.1,9.95,1.6311475409836065
600066,13.58,6.62,0.48748159057437407
600067,2.57,5.04,1.9610894941634243
600070,2.71,2.33,0.8597785977859779
600071,21.6,1.78,0.0824074074074074
600072,17.64,5.48,0.3106575963718821
600073,6.99,5.21,0.7453505007153075
600075,4.57,6.2,1.3566739606126914
600076,2.61,3.43,1.3141762452107282
600078,7.41,3.01,0.4062078272604588
600079,23.28,9.64,0.41408934707903783
600080,7.55,4.52,0.5986754966887416
600081,11.93,6.77,0.567476948868399
600082,3.29,2.72,0.8267477203647416
600083,7.2,0.34,0.04722222222222222
600084,7.86,1.15,0.14631043256997453
600085,50.95,8.97,0.1760549558390579
600088,12.48,2.55,0.20432692307692304
600089,13.94,15.9,1.1406025824964132
600094,3.15,5.02,1.5936507936507935
600095,8.06,4.22,0.5235732009925558
600096,16.78,9.79,0.5834326579261024
600097,9.86,5.09,0.5162271805273834
600098,5.49,6.96,1.26775956284153
600099,9.66,2.3,0.23809523809523808
600100,8.51,4.53,0.5323149236192715
600101,8.21,6.47,0.7880633373934225
600103,2.44,1.7,0.6967213114754098
600104,14.83,24.08,1.6237356709372892
600105,5.96,2.14,0.3590604026845638
600106,5.28,3.44,0.6515151515151515
600107,5.43,1.73,0.31860036832412525
600108,3.0,2.11,0.7033333333333333
600109,9.15,8.52,0.9311475409836065
600110,5.99,3.64,0.6076794657762938
600111,21.08,5.74,0.2722960151802657
600112,3.02,0.14,0.046357615894039736
600113,7.55,5.33,0.7059602649006623
600114,13.11,3.97,0.30282227307398935
600115,4.26,1.13,0.2652582159624413
600116,7.94,5.76,0.72544080604534
600117,3.14,-1.05,-0.3343949044585987
600118,27.55,5.34,0.1938294010889292
600119,6.99,0.53,0.07582260371959942
600120,3.65,4.64,1.2712328767123287
600121,4.18,1.42,0.3397129186602871
600123,9.07,14.32,1.5788313120176405
600125,5.97,5.24,0.8777219430485763
600126,4.23,5.99,1.4160756501182032
600127,7.55,1.05,0.13907284768211922
600128,8.41,8.49,1.009512485136742
600129,42.7,5.91,0.13840749414519907
600130,5.63,1.31,0.23268206039076378
600131,13.62,4.83,0.354625550660793
600132,73.17,5.05,0.06901735684023506
600133,8.26,9.34,1.1307506053268765
600135,7.12,4.83,0.6783707865168539
600136,2.37,-8.27,-3.4894514767932487
600137,18.16,5.43,0.2990088105726872
600138,10.56,8.31,0.7869318181818182
600141,19.64,18.86,0.960285132382892
600143,7.69,6.33,0.823146944083225
600148,16.52,3.27,0.19794188861985473
600149,5.32,0.42,0.07894736842105263
600150,25.95,10.19,0.3926782273603083
600151,6.83,3.72,0.5446559297218155
600152,7.04,3.56,0.5056818181818182
600153,9.65,19.16,1.9854922279792746
600155,9.41,8.59,0.9128586609989373
600156,4.64,1.14,0.24568965517241378
600157,1.36,2,1.4705882352941175
600158,8.4,2.58,0.30714285714285716
600159,3.15,2.73,0.8666666666666667
600160,15.04,5.79,0.3849734042553192
600161,29.37,5.5,0.18726591760299624
600162,1.85,2.06,1.1135135135135135
600163,4.57,3.17,0.6936542669584245
600165,3.54,0.83,0.23446327683615817
600166,3.01,1.7,0.5647840531561462
600167,5.9,4.92,0.8338983050847457
600168,5.97,7.14,1.1959798994974875
600169,2.35,1.52,0.6468085106382978
600170,2.56,4.56,1.7812499999999998
600171,16.09,6,0.3729024238657551
600172,3.54,2.27,0.6412429378531074
600173,5.01,5.37,1.0718562874251498
600176,11.73,7.11,0.6061381074168798
600177,6.73,8.54,1.2689450222882612
600178,7.01,5.31,0.7574893009985735
600179,2.59,1.53,0.5907335907335908
600180,5.83,7.29,1.2504288164665522
600182,14.91,3.16,0.2119382964453387
600183,17.47,5.94,0.34001144819690904
600184,12.22,4.92,0.4026186579378068
600185,7.17,3.36,0.4686192468619247
600186,7.7,0.79,0.1025974025974026
600187,2.7,1.96,0.7259259259259259
600188,19.29,20.3,1.0523587350959047
600189,10.16,2.28,0.22440944881889763
600190,3.01,3.34,1.1096345514950166
600191,6.46,3.16,0.48916408668730654
600192,5.7,3.51,0.6157894736842104
600193,5.18,0.75,0.1447876447876448
600195,11.02,5.32,0.4827586206896552
600196,28.39,16.99,0.5984501585065163
600197,22.18,8.07,0.36384129846708746
600198,6.97,0.32,0.04591104734576758
600199,22.84,3.81,0.16681260945709284
600200,9.09,2.58,0.2838283828382838
600201,9.42,4.62,0.49044585987261147
600202,5.65,2.13,0.37699115044247783
600203,8.56,3.83,0.44742990654205606
600206,12.66,4.33,0.3420221169036335
600207,4.77,2.88,0.6037735849056604
600208,2.36,4.93,2.0889830508474576
600210,4.88,3.71,0.7602459016393442
600211,49.8,13.49,0.2708835341365462
600212,7.31,0.28,0.03830369357045144
600213,9.38,0.44,0.04690831556503198
600215,8.88,3.65,0.411036036036036
600216,10.91,9.74,0.8927589367552704
600217,4.65,3.02,0.6494623655913978
600218,8.47,7.19,0.8488783943329398
600219,3.06,3.91,1.277777777777778
600220,2.1,1.21,0.5761904761904761
600221,1.45,0.05,0.034482758620689655
600222,6.21,2.71,0.4363929146537842
600223,10.01,3.78,0.3776223776223776
600225,4.19,0.64,0.15274463007159902
600226,2.65,1.01,0.38113207547169814
600227,2.88,1.63,0.5659722222222222
600228,7.87,1.55,0.19695044472681067
600229,7.42,4.61,0.6212938005390836
600230,14.08,9.6,0.6818181818181818
600231,2.26,2.87,1.2699115044247788
600232,5.78,2.93,0.5069204152249135
600233,13.73,27.78,2.023306627822287
600234,7.41,2.26,0.3049932523616734
600235,5.83,4.01,0.6878216123499142
600236,5.58,2.44,0.4372759856630824
600237,7.47,2.21,0.2958500669344043
600238,10.05,0.81,0.08059701492537313
600239,2.81,1.01,0.3594306049822064
600241,7.75,3.69,0.4761290322580645
600243,4.53,2,0.44150110375275936
600246,5.87,2.92,0.49744463373083475
600248,4.2,6.62,1.5761904761904761
600249,5.5,3.82,0.6945454545454545
600250,6.66,1.79,0.26876876876876876
600251,9.15,4.46,0.487431693989071
600252,2.66,1.87,0.7030075187969925
600255,2.03,0.78,0.3842364532019705
600256,7.5,4.86,0.648
600257,6.6,1.81,0.2742424242424243
600258,16.44,9.44,0.5742092457420924
600259,36.48,10.24,0.28070175438596495
600261,3.55,2.57,0.723943661971831
600262,17.71,8.26,0.46640316205533594
600265,17.5,1.18,0.06742857142857142
600266,5.92,10.71,1.8091216216216217
600267,10.12,7.05,0.6966403162055337
600268,6.81,3.9,0.5726872246696035
600269,4.18,7.37,1.7631578947368423
600271,11.19,7.77,0.6943699731903485
600272,12.12,2.38,0.1963696369636964
600273,8.37,6.92,0.8267622461170849
600276,47.51,6.1,0.1283940223110924
600277,2.71,4.78,1.7638376383763839
600278,6.9,8.12,1.1768115942028983
600279,4.15,4.79,1.1542168674698794
600280,3.52,0.79,0.2244318181818182
600281,4.33,0.81,0.18706697459584296
600282,3.76,4.27,1.1356382978723403
600283,13.31,6.4,0.48084147257700977
600284,6.39,7.53,1.1784037558685447
600285,15.98,4.76,0.2978723404255319
600287,5.44,4,0.7352941176470588
600288,10.46,4.21,0.4024856596558317
600289,2.72,2.2,0.8088235294117647
600290,1.23,-0.27,-0.21951219512195125
600292,6.08,6.54,1.075657894736842
600293,3.17,1.38,0.43533123028391163
600295,9.27,10.72,1.156418554476807
600297,1.91,4.86,2.5445026178010473
600298,35.53,11.09,0.31213059386434
600299,7.76,5.61,0.722938144329897
600300,3.19,1.91,0.5987460815047022
600301,13.54,3.39,0.25036927621861155
600302,5.5,2.88,0.5236363636363636
600303,4.63,3.08,0.6652267818574514
600305,9.85,2.26,0.2294416243654822
600306,10.61,-1.07,-0.10084825636192273
600307,1.56,1.8,1.1538461538461537
600308,3.55,8.45,2.380281690140845
600309,87.09,25.79,0.29613043977494546
600310,3.58,2.13,0.5949720670391061
600312,10.66,6.99,0.6557223264540338
600313,7.78,1.67,0.2146529562982005
600315,23.13,11.03,0.4768698659749243
600316,20.07,7.38,0.36771300448430494
600318,6.58,1.99,0.30243161094224924
600319,5.17,1.6,0.30947775628626695
600320,3.4,2.9,0.8529411764705882
600321,1.68,1.06,0.630952380952381
600322,2.47,0.05,0.020242914979757085
600323,17.97,13.72,0.7634947134112411
600325,8.04,8.96,1.1144278606965177
600326,5.29,4.13,0.780718336483932
600327,4.78,3.66,0.7656903765690376
600328,7.93,10.35,1.305170239596469
600329,29.43,8.93,0.3034318722392117
600330,8.79,6.46,0.7349260523321958
600331,4.63,0.21,0.045356371490280774
600332,29.55,20.89,0.7069373942470389
600333,5.18,3.22,0.6216216216216217
600335,8.48,7.58,0.8938679245283019
600336,5.47,3.16,0.5776965265082268
600337,2.53,2.75,1.0869565217391306
600338,13.55,3.72,0.2745387453874539
600339,3.34,4.6,1.377245508982036
600340,1.85,2.86,1.5459459459459457
600343,10.29,2.88,0.27988338192419826
600345,19.63,11.22,0.5715741212429954
600346,14.68,7.65,0.5211171662125341
600348,7.99,11.81,1.4780976220275344
600350,6.57,8.36,1.2724505327245053
600351,7.39,4,0.5412719891745602
600352,8.84,9.96,1.1266968325791857
600353,8.22,2.83,0.34428223844282235
600354,6.01,1.26,0.2096505823627288
600355,5.06,0.42,0.08300395256916997
600356,7.79,8.12,1.042362002567394
600358,4.71,0.36,0.07643312101910828
600359,7.43,1.63,0.2193808882907133
600360,7.12,3.38,0.4747191011235955
600361,5.07,2.05,0.4043392504930966
600362,18.09,22.22,1.228302929795467
600363,35.48,8.5,0.23957158962795944
600365,4.15,0.78,0.18795180722891566
600366,7.08,5.54,0.7824858757062146
600367,12.93,5.9,0.45630317092034034
600368,3.86,4.84,1.2538860103626943
600369,4.04,3.79,0.9381188118811881
600370,2.53,1.86,0.7351778656126483
600371,10.85,2.08,0.19170506912442398
600372,13.6,6.47,0.47573529411764703
600373,12.03,13.22,1.0989193682460516
600375,5.99,0.19,0.03171953255425709
600376,3.66,9.73,2.658469945355191
600377,9.85,6.57,0.667005076142132
600378,31.04,9.27,0.29864690721649484
600379,9.72,2,0.20576131687242796
600380,11.9,6.93,0.5823529411764705
600381,7.84,2.56,0.326530612244898
600382,4.62,4.74,1.025974025974026
600383,5.02,14.48,2.884462151394423
600386,3.93,2.27,0.5776081424936387
600387,5.65,6.69,1.1840707964601769
600388,14.92,7.09,0.47520107238605896
600389,18.79,11.34,0.6035125066524747
600390,5.02,10.99,2.1892430278884465
600391,19.21,4.67,0.24310255075481518
600392,10.69,5.48,0.5126286248830684
600395,6.06,5.63,0.9290429042904291
600396,2.54,-1.38,-0.5433070866141732
600397,2.9,0.65,0.22413793103448276
600398,7.43,15.48,2.0834454912516827
600399,9.09,3.1,0.34103410341034107
600400,2.94,1.32,0.44897959183673475
600403,3.87,3.46,0.8940568475452196
600405,5.33,1.51,0.28330206378986866
600406,22.58,6.44,0.2852081488042516
600408,2.45,2.38,0.9714285714285713
600409,5.77,6.39,1.1074523396880416
600410,7.58,4.14,0.546174142480211
600415,7.5,3.01,0.4013333333333333
600416,14.49,5.31,0.3664596273291925
600418,18.54,6.31,0.3403451995685005
600419,12.34,7.38,0.5980551053484603
600420,10.11,8.95,0.8852621167161226
600421,9.9,0.1,0.010101010101010102
600422,20.28,6.75,0.3328402366863905
600423,3.46,0.55,0.15895953757225434
600425,3.88,3.7,0.9536082474226805
600426,30.97,13.07,0.42202131094607687
600428,5.1,5.14,1.007843137254902
600429,4.72,3.3,0.6991525423728814
600433,3.55,2.87,0.8084507042253521
600435,11.15,1.73,0.15515695067264573
600436,251.42,20.08,0.0798663590804232
600438,26.32,15.41,0.5854863221884499
600439,2.76,2.49,0.9021739130434784
600444,13.82,4.58,0.3314037626628075
600446,11.84,3.9,0.3293918918918919
600448,3.19,2.01,0.6300940438871473
600449,17.94,14.74,0.8216276477146042
600452,12.28,5.17,0.4210097719869707
600455,23.33,3.86,0.16545220745820832
600456,33.15,13.25,0.3996983408748115
600458,9.95,7.04,0.7075376884422111
600459,14.5,8.05,0.5551724137931034
600460,25.18,5.5,0.21842732327243844
600461,8.54,6.79,0.7950819672131149
600462,2.04,0.05,0.024509803921568627
600463,8.98,3.82,0.4253897550111358
600467,2.38,2.3,0.9663865546218487
600468,5.67,1.83,0.3227513227513228
600469,5.82,4.1,0.70446735395189
600470,5.19,3.48,0.6705202312138728
600475,9.59,8.49,0.8852971845672576
600476,16.78,0.77,0.045887961859356376
600477,3.43,2.17,0.6326530612244897
600478,5.33,1.69,0.3170731707317073
600479,11.08,5.27,0.4756317689530685
600480,8.57,6.96,0.8121353558926487
600481,9.38,3.92,0.417910447761194
600482,17.51,16.47,0.9406053683609364
600483,8.7,4.9,0.5632183908045978
600486,64.91,29.99,0.46202434139577875
600487,13.13,9.65,0.734958111195735
600488,5.17,2.78,0.5377176015473888
600489,10.54,5.46,0.5180265654648957
600490,2.99,2.71,0.9063545150501672
600491,4.32,8.09,1.8726851851851851
600493,6.53,3.08,0.4716692189892802
600495,3.89,2.67,0.6863753213367609
600496,3.25,4.09,1.2584615384615385
600497,5.11,3.04,0.5949119373776908
600498,18.84,10.26,0.5445859872611465
600499,10.73,5.93,0.5526561043802423
600500,4.93,5.23,1.0608519269776877
600501,13.96,5.19,0.37177650429799425
600502,4.8,7.6,1.5833333333333333
600503,2.68,2.31,0.8619402985074627
600505,7.8,3.38,0.43333333333333335
600506,10.5,2.35,0.22380952380952382
600507,4.84,3.67,0.7582644628099173
600508,13.34,18.04,1.3523238380809595
600509,6.34,5.06,0.7981072555205047
600510,5.7,9.63,1.6894736842105265
600511,28.34,19.39,0.6841919548341567
600512,2.59,3.88,1.4980694980694982
600513,10.1,4.52,0.4475247524752475
600515,3.78,1.99,0.5264550264550265
600516,5.83,4.26,0.7307032590051458
600517,4.87,3.38,0.6940451745379876
600518,1.87,0.5,0.267379679144385
600519,1811.24,159.94,0.08830414522647467
600520,23.25,2.78,0.11956989247311828
600521,15.76,5.21,0.33058375634517767
600522,13.99,9.12,0.6518942101501072
600523,13.4,7.06,0.526865671641791
600525,5.22,3.85,0.7375478927203065
600526,4.78,4.49,0.9393305439330544
600527,1.97,1.36,0.6903553299492386
600528,7.86,11.01,1.400763358778626
600529,27.16,10.74,0.3954344624447717
600530,2.24,1.16,0.5178571428571428
600531,6.23,4.22,0.6773675762439807
600533,2.97,4.27,1.4377104377104375
600535,14.68,8.37,0.5701634877384196
600536,34.28,3.49,0.10180863477246208
600537,5.2,2.18,0.41923076923076924
600538,4.44,1.81,0.40765765765765766
600539,6.92,1.85,0.26734104046242774
600540,5.05,1.36,0.2693069306930693
600543,5.69,2.99,0.5254833040421792
600545,2.77,1.64,0.592057761732852
600546,16.05,8.49,0.5289719626168224
600547,23.47,7.42,0.31614827439284193
600548,9.68,10.08,1.0413223140495869
600549,17.06,7.37,0.4320046893317703
600550,4.57,0.4,0.087527352297593
600551,10.87,11.03,1.0147194112235511
600552,11.85,4.35,0.36708860759493667
600556,6.12,2.09,0.34150326797385616
600557,16.72,8.42,0.5035885167464115
600558,3.87,2.46,0.6356589147286822
600559,23.49,4.89,0.2081736909323116
600560,13.31,3.95,0.29676934635612323
600561,6.1,3.22,0.5278688524590165
600562,14.34,4.2,0.29288702928870297
600563,100.49,19.16,0.1906657378843666
600565,1.54,1.99,1.2922077922077921
600566,26.71,26.54,0.9936353425683264
600567,2.16,3.99,1.847222222222222
600568,1.75,1.39,0.7942857142857143
600569,2.26,2.47,1.0929203539823011
600570,31.3,3.71,0.11853035143769967
600571,9.57,2.23,0.23301985370950887
600572,5.15,2.79,0.541747572815534
600573,10.5,4.85,0.4619047619047619
600575,2.54,2.68,1.0551181102362206
600576,7.39,2.53,0.3423545331529093
600577,4.14,2.48,0.5990338164251208
600578,2.97,3.71,1.2491582491582491
600579,7.18,6.31,0.8788300835654596
600580,11.68,7.04,0.6027397260273972
600581,4.0,1.59,0.3975
600582,5.15,5.08,0.9864077669902912
600583,6.23,5.47,0.8780096308186195
600584,31.28,13.85,0.442774936061381
600585,23.77,35.12,1.4774926377787125
600586,6.87,3.81,0.5545851528384279
600587,23.83,14.73,0.6181284095677718
600588,16.55,3.22,0.19456193353474321
600589,4.19,-1.01,-0.24105011933174222
600590,6.53,4.2,0.6431852986217458
600592,10.78,5.76,0.5343228200371057
600593,16.47,1.47,0.08925318761384336
600594,5.74,3.9,0.6794425087108014
600595,3.49,3.08,0.8825214899713467
600596,9.77,10.18,1.0419651995905834
600597,9.41,5.91,0.6280552603613178
600598,12.6,4.34,0.34444444444444444
600599,14.01,4.88,0.3483226266952177
600600,80.01,19.8,0.24746906636670415
600601,3.1,0.82,0.264516129032258
600602,12.22,3.36,0.27495908346972175
600603,6.84,3.45,0.5043859649122807
600604,4.56,3.5,0.7675438596491229
600605,19.51,5.49,0.2813941568426448
600606,2.51,6.61,2.6334661354581677
600608,4.15,0.2,0.048192771084337345
600609,4.82,0.75,0.15560165975103735
600610,7.52,0.12,0.015957446808510637
600611,3.0,4,1.3333333333333333
600612,60.08,20.73,0.3450399467376831
600613,7.92,4.41,0.5568181818181819
600615,10.11,3.36,0.3323442136498516
600616,6.33,3.05,0.4818325434439178
600617,4.15,2.74,0.6602409638554216
600618,8.88,6.63,0.7466216216216215
600619,7.19,5.61,0.780250347705146
600620,10.09,2.85,0.28245787908820613
600621,12.34,7.09,0.5745542949756888
600622,2.68,4.7,1.7537313432835822
600623,6.73,10.22,1.5185735512630014
600624,5.88,1.28,0.217687074829932
600626,3.61,2.73,0.7562326869806094
600628,7.16,6.54,0.9134078212290503
600629,5.44,25.83,4.748161764705881
600630,9.17,1.67,0.18211559432933477
600633,11.75,7.55,0.6425531914893617
600635,3.04,2.87,0.9440789473684211
600636,9.7,6.11,0.6298969072164949
600637,7.51,8.7,1.158455392809587
600638,5.6,6.51,1.1625
600639,11.12,12.75,1.1465827338129497
600640,10.32,5,0.4844961240310077
600641,16.83,9.01,0.5353535353535354
600642,5.87,6.45,1.0988074957410563
600643,5.21,7.81,1.4990403071017273
600644,6.82,3.31,0.48533724340175954
600645,20.8,7.64,0.3673076923076923
600647,12.05,2.11,0.175103734439834
600648,10.59,10.59,1.0
600649,4.01,8.2,2.0448877805486285
600650,9.3,7.08,0.7612903225806451
600651,3.48,0.94,0.27011494252873564
600653,1.9,0.5,0.2631578947368421
600654,2.28,0.51,0.22368421052631582
600655,6.46,9.23,1.4287925696594428
600657,4.09,8.48,2.073349633251834
600658,4.45,6.89,1.548314606741573
600660,37.38,11.42,0.30551096843231673
600661,8.85,1.11,0.12542372881355934
600662,5.11,1.79,0.350293542074364
600663,9.21,5.41,0.5874049945711183
600664,3.58,1.77,0.49441340782122906
600665,3.86,5.1,1.3212435233160622
600666,2.23,0.75,0.336322869955157
600667,6.48,3.45,0.5324074074074074
600668,11.15,15.13,1.3569506726457399
600671,10.55,-0.19,-0.01800947867298578
600673,6.82,3.42,0.501466275659824
600674,14.71,7.82,0.5316111488783141
600675,3.33,2.46,0.7387387387387387
600676,4.27,5.34,1.2505854800936769
600678,5.43,0.75,0.13812154696132597
600679,8.66,4.14,0.4780600461893764
600681,4.24,3.72,0.8773584905660378
600682,7.69,12.63,1.6423927178153446
600683,5.36,11.93,2.2257462686567164
600684,3.69,0.54,0.14634146341463417
600685,22.53,10.87,0.482467820683533
600686,8.27,4.98,0.6021765417170497
600688,3.0,2.42,0.8066666666666666
600689,10.49,2.13,0.20305052430886558
600690,22.61,10.25,0.4533392304290137
600691,3.25,2.54,0.7815384615384615
600692,5.89,2.58,0.4380305602716469
600693,3.88,4.06,1.0463917525773194
600694,16.9,28.05,1.6597633136094676
600696,23.38,1.64,0.0701454234388366
600697,12.34,15.05,1.2196110210696922
600698,4.75,0.72,0.15157894736842104
600699,19.18,9.07,0.47288842544317
600702,114.9,20.74,0.1805047867711053
600703,15.03,7.6,0.5056553559547572
600704,4.58,6.69,1.460698689956332
600705,3.33,4.56,1.3693693693693691
600706,14.08,3.81,0.2705965909090909
600707,5.94,5.34,0.8989898989898989
600708,2.18,4.85,2.2247706422018347
600710,7.32,4.98,0.680327868852459
600711,4.53,4.48,0.9889624724061811
600712,4.26,1.5,0.35211267605633806
600713,5.04,4.71,0.9345238095238095
600714,9.15,2.53,0.27650273224043714
600715,2.14,0.42,0.19626168224299065
600716,3.58,5.63,1.5726256983240223
600717,4.23,6.3,1.4893617021276593
600718,9.62,7.59,0.788981288981289
600719,7.34,0.97,0.13215258855585832
600720,10.66,11.18,1.048780487804878
600721,8.43,1.79,0.21233689205219455
600722,4.73,1.65,0.34883720930232553
600724,3.68,2.03,0.5516304347826086
600725,2.71,0.29,0.1070110701107011
600726,2.2,0.46,0.20909090909090908
600727,6.29,5.47,0.8696343402225755
600728,5.73,4.03,0.7033158813263525
600729,27.63,13.85,0.5012667390517553
600730,5.53,2.99,0.5406871609403255
600731,6.48,5.05,0.7793209876543209
600732,17.72,7.5,0.4232505643340858
600733,6.8,1.1,0.16176470588235295
600734,3.72,0.17,0.0456989247311828
600735,6.49,3.26,0.5023112480739599
600736,4.77,8.06,1.6897274633123693
600737,8.57,4.7,0.5484247374562428
600738,5.37,2.54,0.4729981378026071
600739,12.31,18.98,1.5418359057676685
600740,5.02,5.94,1.1832669322709166
600741,17.71,17.37,0.9808018068887634
600742,9.22,10.71,1.1616052060737527
600743,1.64,2.62,1.5975609756097562
600744,3.4,0.64,0.18823529411764706
600745,50.05,29.2,0.5834165834165834
600746,7.32,4.6,0.628415300546448
600748,3.65,5.57,1.526027397260274
600749,11.7,4.35,0.3717948717948718
600750,19.8,6.57,0.33181818181818185
600751,2.85,2.46,0.863157894736842
600753,10.12,1.22,0.12055335968379448
600754,32.58,15.61,0.4791282995702885
600755,6.79,14.02,2.06480117820324
600756,13.99,6.89,0.49249463902787705
600757,7.69,7.27,0.9453836150845253
600758,3.91,4.3,1.0997442455242965
600759,2.65,1.63,0.6150943396226415
600760,41.28,6.88,0.16666666666666666
600761,17.33,9.51,0.5487593768032314
600763,89.88,10.85,0.12071651090342679
600764,21.48,10.97,0.510707635009311
600765,21.11,7.26,0.3439128375177641
600766,11.84,0.26,0.02195945945945946
600768,10.8,2.94,0.2722222222222222
600769,9.19,0.22,0.02393906420021763
600770,4.87,2.58,0.5297741273100616
600771,29.46,3.5,0.11880515953835709
600773,11.54,4.64,0.4020797227036395
600774,9.92,5.71,0.5756048387096774
600775,8.9,3.86,0.4337078651685393
600776,13.26,2.68,0.20211161387631976
600777,2.58,2.57,0.9961240310077518
600778,6.14,1.22,0.1986970684039088
600779,60.08,6.81,0.11334886817576564
600780,9.87,6.01,0.6089159067882473
600782,3.98,8.28,2.080402010050251
600783,11.55,6.2,0.5367965367965368
600784,6.05,4,0.6611570247933884
600785,13.6,9.44,0.6941176470588235
600787,5.12,6,1.171875
600789,6.96,3.84,0.5517241379310345
600790,3.93,4.17,1.0610687022900762
600791,4.41,7.84,1.7777777777777777
600792,4.12,3.2,0.7766990291262136
600793,11.63,3.76,0.32330180567497846
600794,3.56,1.98,0.5561797752808989
600795,3.71,2.59,0.6981132075471698
600796,5.42,3.52,0.6494464944649446
600797,6.55,3.23,0.49312977099236643
600798,3.61,3.23,0.8947368421052632
600800,3.61,2.36,0.6537396121883656
600801,14.44,13.12,0.9085872576177285
600802,5.21,3.1,0.5950095969289827
600803,17.01,6.18,0.3633156966490299
600804,4.38,0.67,0.15296803652968038
600805,4.4,5.14,1.168181818181818
600807,3.07,0.38,0.12377850162866451
600808,2.71,3.69,1.3616236162361623
600809,249.58,21.43,0.08586425194326468
600810,7.89,7.39,0.9366286438529785
600811,2.3,5.03,2.186956521739131
600812,5.96,3.09,0.5184563758389261
600814,7.07,4.61,0.652050919377652
600815,2.64,0.84,0.3181818181818182
600816,3.42,1.31,0.3830409356725146
600817,8.84,4.51,0.5101809954751131
600818,13.31,1.83,0.13749060856498874
600819,4.89,3.67,0.7505112474437629
600820,5.54,8.8,1.588447653429603
600821,6.68,4.28,0.6407185628742516
600822,10.68,2.32,0.21722846441947566
600823,1.27,5.53,4.354330708661418
600824,3.71,2.25,0.6064690026954178
600825,4.32,2.4,0.5555555555555555
600826,9.38,6.66,0.7100213219616204
600827,10.26,10.01,0.9756335282651072
600828,3.72,4.2,1.129032258064516
600829,7.63,4.37,0.5727391874180865
600830,6.28,4.67,0.7436305732484076
600831,5.56,5.35,0.9622302158273381
600833,11.43,4.46,0.3902012248468941
600834,8.04,3.46,0.4303482587064677
600835,12.7,12.89,1.01496062992126
600836,3.96,1.71,0.4318181818181818
600837,9.8,12.82,1.3081632653061224
600838,7.45,3.66,0.4912751677852349
600839,5.51,2.97,0.5390199637023594
600841,6.13,4.59,0.7487765089722676
600843,5.76,4.58,0.795138888888889
600844,2.84,0.88,0.3098591549295775
600845,41.78,5.25,0.12565820966969843
600846,9.73,5.82,0.5981500513874615
600847,11.57,4.47,0.3863439930855661
600848,10.79,6.85,0.6348470806302132
600850,23.65,6.09,0.25750528541226214
600851,6.86,3.24,0.47230320699708456
600853,4.29,2.44,0.5687645687645687
600854,5.0,4.37,0.874
600855,10.98,3.81,0.3469945355191257
600857,9.14,3.52,0.38512035010940915
600858,5.47,4.63,0.8464351005484461
600859,17.67,17.07,0.9660441426146009
600860,11.5,1.95,0.16956521739130434
600861,22.01,6.16,0.2798727850976829
600862,23.08,3.43,0.14861351819757368
600863,3.56,2.83,0.7949438202247191
600864,5.89,5.89,1.0
600865,8.23,6.32,0.7679222357229648
600866,5.36,4.22,0.7873134328358208
600867,11.53,3.41,0.2957502168256722
600868,2.62,1.27,0.4847328244274809
600869,4.51,2,0.4434589800443459
600871,1.91,0.41,0.21465968586387435
600872,34.24,4.02,0.11740654205607474
600873,9.41,4.25,0.4516471838469713
600874,5.71,5.53,0.968476357267951
600875,15.25,11.55,0.7573770491803279
600876,13.76,6.57,0.47747093023255816
600877,14.16,1.84,0.12994350282485875
600879,8.16,5.82,0.7132352941176471
600880,5.24,2.76,0.5267175572519084
600881,2.12,2.86,1.3490566037735847
600882,17.76,8.68,0.4887387387387387
600883,8.22,3.6,0.437956204379562
600884,13.92,10.41,0.747844827586207
600885,28.08,7.52,0.2678062678062678
600886,12.33,7.53,0.610705596107056
600887,27.6,8.36,0.30289855072463767
600888,7.5,6.56,0.8746666666666666
600889,5.27,2.76,0.523719165085389
600892,5.36,0.32,0.05970149253731343
600893,35.17,14.43,0.41029286323571224
600894,7.36,10.18,1.3831521739130435
600895,22.3,7.66,0.3434977578475336
600897,12.57,13.08,1.0405727923627686
600898,3.17,0.06,0.01892744479495268
600900,22.71,7.81,0.3439013650374284
600901,4.65,5.57,1.1978494623655913
600903,8.23,2.68,0.32563791008505466
600905,4.78,2.77,0.5794979079497907
600906,7.72,3.49,0.4520725388601037
600908,5.05,9.26,1.8336633663366337
600909,4.78,4.37,0.9142259414225942
600916,10.46,4.3,0.4110898661567877
600917,6.74,3.13,0.46439169139465875
600918,7.25,5.67,0.7820689655172414
600919,6.86,11.94,1.7405247813411078
600925,5.54,2.3,0.41516245487364617
600926,10.7,14.49,1.3542056074766355
600927,15.82,8.34,0.527180783817952
600928,3.46,6.74,1.947976878612717
600929,6.45,4.36,0.6759689922480621
600933,21.87,6.34,0.28989483310470965
600935,3.51,1.85,0.5270655270655271
600936,3.82,1.26,0.3298429319371728
600938,19.52,8.32,0.42622950819672134
600939,3.36,4.57,1.3601190476190477
600941,93.67,2.84,0.03031920572221629
600955,19.7,15.6,0.7918781725888325
600956,8.27,5.09,0.6154776299879081
600958,8.95,9.32,1.041340782122905
600959,3.14,4.42,1.4076433121019107
600960,4.18,4.82,1.15311004784689
600961,7.57,2.25,0.29722589167767505
600962,10.74,2.96,0.2756052141527002
600963,6.95,5.15,0.7410071942446044
600965,6.35,2.66,0.4188976377952756
600966,6.85,4.51,0.6583941605839416
600967,8.57,6.55,0.764294049008168
600968,3.0,2.24,0.7466666666666667
600969,6.54,9.9,1.5137614678899083
600970,9.89,6.66,0.673407482305359
600971,9.26,10.34,1.1166306695464363
600973,5.09,2.75,0.5402750491159136
600975,9.83,2.28,0.23194303153611392
600976,61.18,12.8,0.20921869892121608
600977,12.28,5.89,0.4796416938110749
600979,3.38,3.43,1.0147928994082842
600980,15.91,6.55,0.4116907605279698
600981,2.71,2.28,0.8413284132841328
600982,4.13,3.6,0.8716707021791767
600983,8.09,3.92,0.484548825710754
600984,4.06,4.67,1.1502463054187193
600985,14.3,14.48,1.0125874125874126
600986,5.6,3.08,0.55
600987,8.42,5.64,0.669833729216152
600988,14.47,3.13,0.216309606081548
600989,14.33,4.78,0.3335659455687369
600990,20.67,12.59,0.6090953072085147
600992,14.74,6.05,0.4104477611940298
600993,23.41,8.45,0.3609568560444254
600995,9.17,6.36,0.6935659760087242
600996,10.56,4.42,0.418560606060606
600997,6.64,9.14,1.3765060240963858
600998,7.24,13.45,1.857734806629834
600999,14.05,13.51,0.9615658362989323
601000,3.53,3.33,0.9433427762039661
601001,11.55,9.22,0.7982683982683982
601002,4.71,4.46,0.9469214437367304
601003,3.41,3.93,1.152492668621701
601005,1.47,2.38,1.619047619047619
601006,7.17,8.88,1.2384937238493725
601007,7.72,4,0.5181347150259068
601008,4.15,3.4,0.8192771084337348
601009,7.77,12.75,1.640926640926641
601010,2.42,2.41,0.9958677685950414
601011,3.73,4.05,1.0857908847184987
601012,22.87,8.68,0.37953651071272404
601015,4.46,4.32,0.968609865470852
601016,3.18,2.5,0.7861635220125786
601018,3.42,3.75,1.0964912280701755
601019,8.57,6.5,0.7584597432905484
601020,8.19,5.13,0.6263736263736264
601021,53.63,14.39,0.2683199701659519
601022,8.96,4.06,0.4531249999999999
601028,11.44,3.71,0.3243006993006993
601038,11.88,5.74,0.48316498316498313
601058,11.29,4.08,0.3613817537643933
601059,16.67,5.12,0.30713857228554287
601061,7.46,3.58,0.47989276139410186
601065,11.32,4.68,0.41342756183745577
601066,24.22,12.35,0.5099091659785302
601068,4.78,2.54,0.5313807531380753
601069,12.69,5.09,0.40110323089046496
601077,4.13,9.79,2.3704600484261498
601086,5.29,2.43,0.45935727788279773
601088,30.37,20.91,0.6885083964438591
601089,18.16,6.85,0.37720264317180613
601098,11.28,8.35,0.7402482269503546
601099,3.66,1.38,0.3770491803278688
601100,57.06,9.91,0.17367683140553802
601101,5.72,7.65,1.3374125874125875
601106,2.9,1.71,0.5896551724137931
601107,3.97,5.96,1.5012594458438286
601108,7.91,7.21,0.911504424778761
601111,7.84,2.18,0.2780612244897959
601113,3.43,3.54,1.032069970845481
601116,11.11,5.84,0.5256525652565257
601117,6.96,8.85,1.271551724137931
601118,4.48,2.22,0.4955357142857143
601121,7.17,3.72,0.5188284518828452
601126,14.03,5.15,0.36707056307911623
601127,89.0,7.21,0.08101123595505617
601128,7.26,8.54,1.1763085399449036
601133,13.49,3.4,0.2520385470719051
601136,21.97,4.5,0.2048247610377788
601137,15.43,7.83,0.507453013609851
601138,14.75,6.65,0.45084745762711864
601139,6.76,4.66,0.6893491124260356
601155,11.76,26.82,2.2806122448979593
601156,11.57,9,0.7778738115816767
601158,5.51,3.62,0.6569872958257714
601162,3.19,2.73,0.8557993730407524
601163,14.94,14.92,0.998661311914324
601166,15.2,33.05,2.174342105263158
601168,12.45,6.02,0.4835341365461847
601169,4.53,11.29,2.4922737306843263
601177,9.23,5.46,0.5915492957746479
601179,4.63,4.16,0.898488120950324
601186,7.89,21.76,2.757921419518378
601187,5.33,8.54,1.6022514071294558
601188,3.81,3.47,0.9107611548556431
601198,8.04,8.19,1.0186567164179106
601199,5.38,3.81,0.70817843866171
601200,9.46,9.28,0.9809725158562367
601208,12.13,4.69,0.3866446826051113
601211,14.94,18.07,1.2095046854083
601212,2.74,1.99,0.7262773722627737
601216,3.99,3.14,0.7869674185463659
601218,3.82,2.88,0.7539267015706806
601222,6.58,7.25,1.1018237082066868
601225,17.98,11.4,0.6340378197997776
601226,5.69,3.51,0.6168717047451668
601228,3.08,2.62,0.8506493506493507
601229,6.08,14.52,2.388157894736842
601231,14.6,7.25,0.4965753424657534
601233,14.3,14.18,0.9916083916083915
601236,7.69,4.91,0.6384915474642393
601238,10.1,10.96,1.0851485148514852
601279,5.94,2.47,0.4158249158249158
601288,3.62,7.79,2.1519337016574585
601298,5.96,5.96,1.0
601311,8.19,7.75,0.9462759462759464
601318,45.24,50.02,1.105658709106985
601319,5.32,5.5,1.0338345864661653
601326,2.96,3.18,1.0743243243243243
601328,5.71,11.73,2.054290718038529
601330,6.84,5.39,0.7880116959064327
601333,2.59,3.63,1.4015444015444016
601336,32.52,38.98,1.1986469864698646
601339,5.47,6.69,1.2230347349177333
601360,9.05,4.42,0.4883977900552486
601366,5.35,4.98,0.9308411214953273
601368,5.32,5.3,0.9962406015037593
601369,7.81,4.89,0.6261203585147247
601375,3.87,2.98,0.7700258397932817
601377,6.23,6.15,0.9871589085072231
601388,2.69,1.94,0.7211895910780669
601390,5.88,12.47,2.120748299319728
601398,4.74,10.05,2.1202531645569622
601399,3.0,1.87,0.6233333333333334
601456,10.84,6.1,0.562730627306273
601500,3.88,3.36,0.865979381443299
601512,8.1,9.17,1.1320987654320989
601515,3.99,3.14,0.7869674185463659
601518,2.57,3.4,1.3229571984435797
601519,7.63,0.94,0.12319790301441677
601528,5.15,10.14,1.9689320388349514
601555,7.87,7.82,0.9936467598475223
601566,9.89,6.69,0.6764408493427705
601567,16.3,6.93,0.4251533742331288
601568,4.98,3.47,0.6967871485943775
601577,7.34,13.96,1.901907356948229
601579,11.22,7.85,0.6996434937611408
601588,2.0,3.81,1.905
601595,20.14,3.59,0.1782522343594836
601598,4.42,4.91,1.1108597285067874
601599,3.49,1.14,0.326647564469914
601600,6.03,3.29,0.5456053067993366
601601,26.94,25.82,0.9584261321455085
601606,12.34,3.56,0.2884927066450567
601607,17.91,18.54,1.035175879396985
601608,3.71,1.78,0.47978436657681944
601609,6.85,5.18,0.7562043795620438
601611,7.03,8.53,1.2133712660028448
601615,14.04,12.28,0.8746438746438746
601616,3.3,2.62,0.7939393939393941
601618,3.27,6.86,2.0978593272171255
601619,3.57,2.49,0.6974789915966387
601628,32.74,16.31,0.49816737935247396
601633,29.97,7.46,0.24891558224891558
601636,7.96,4.75,0.5967336683417086
601658,4.64,7.56,1.6293103448275863
601665,4.01,7.92,1.9750623441396509
601666,10.01,10.51,1.04995004995005
601668,5.15,9.29,1.8038834951456308
601669,5.18,9.09,1.754826254826255
601677,12.25,12.93,1.0555102040816327
601678,4.45,5.52,1.240449438202247
601686,6.25,4.51,0.7216
601688,16.36,18.53,1.1326405867970661
601689,67.2,11.42,0.16994047619047617
601696,10.79,5.99,0.5551436515291938
601698,18.51,3.6,0.1944894651539708
601699,19.17,17.61,0.9186228482003129
601700,4.84,2.3,0.4752066115702479
601702,15.95,3.91,0.245141065830721
601717,12.8,10.47,0.81796875
601718,2.87,3.88,1.3519163763066202
601727,4.4,3.54,0.8045454545454545
601728,5.34,4.81,0.900749063670412
601766,5.35,5.42,1.0130841121495329
601777,3.81,2.25,0.5905511811023622
601778,3.65,4.32,1.1835616438356165
601788,16.45,14.11,0.8577507598784194
601789,4.22,4.32,1.023696682464455
601798,6.94,3.98,0.5734870317002881
601799,145.66,30.44,0.20897981600988605
601800,8.0,17.79,2.22375
601801,6.8,5.8,0.8529411764705882
601808,15.42,8.35,0.5415045395590142
601811,13.05,10.29,0.7885057471264366
601816,4.99,3.79,0.7595190380761523
601818,2.96,7.3,2.4662162162162162
601825,5.81,10.93,1.881239242685026
601827,7.69,5.96,0.7750325097529258
601828,4.2,12.34,2.938095238095238
601838,12.28,15.5,1.2622149837133552
601857,7.33,7.7,1.0504774897680764
601858,25.2,6.17,0.24484126984126983
601860,2.59,4.78,1.8455598455598456
601865,26.47,27.08,1.02304495655459
601866,2.28,2.14,0.9385964912280703
601868,2.18,2.48,1.1376146788990824
601869,29.23,13.74,0.4700650017105713
601872,6.59,4.16,0.6312594840667679
601877,23.21,17.47,0.7526928048255062
601878,10.06,6.85,0.6809145129224652
601880,1.51,1.63,1.0794701986754967
601881,12.01,10.41,0.8667776852622815
601882,26.54,4.06,0.15297663903541822
601886,6.77,5.72,0.844903988183161
601888,94.58,24.44,0.25840558257559737
601890,9.3,3.46,0.37204301075268814
601898,8.52,10.43,1.2241784037558685
601899,12.17,36.38,2.989317995069844
601900,15.06,8.33,0.5531208499335989
601901,7.86,5.3,0.6743002544529262
601908,4.61,4.75,1.0303687635574836
601916,2.52,6.72,2.6666666666666665
601918,4.82,4.7,0.975103734439834
601919,9.81,12.84,1.308868501529052
601921,7.61,5.78,0.759526938239159
601928,9.8,6.97,0.7112244897959182
601929,1.87,2.11,1.1283422459893047
601933,3.06,0.88,0.2875816993464052
601939,6.3,11.77,1.8682539682539683
601949,8.76,4.5,0.5136986301369864
601952,10.58,4.61,0.4357277882797732
601956,5.78,3.9,0.6747404844290656
601958,9.98,4.34,0.4348697394789579
601963,7.6,13.47,1.7723684210526318
601965,18.87,6.07,0.32167461579226286
601966,20.29,13.15,0.6481025135534747
601968,5.65,3.37,0.5964601769911504
601969,6.56,3.15,0.48018292682926833
601975,2.99,1.6,0.5351170568561873
601985,7.37,4.86,0.6594301221166893
601988,3.89,8.41,2.1619537275064267
601989,4.02,3.68,0.9154228855721395
601990,7.98,4.57,0.5726817042606517
601991,2.61,4.01,1.5363984674329503
601992,2.03,6.1,3.0049261083743843
601995,36.66,20.98,0.5722858701582106
601996,2.69,2.44,0.9070631970260223
601997,5.19,14.6,2.813102119460501
601998,5.45,11.65,2.1376146788990824
601999,6.65,4.43,0.6661654135338345
603000,32.71,3.26,0.0996637114032406
603001,5.84,7.42,1.2705479452054795
603002,5.52,2.74,0.496376811594203
603003,11.49,9.03,0.7859007832898172
603005,24.05,6.15,0.25571725571725573
603006,11.74,5.76,0.4906303236797274
603007,4.09,0.82,0.20048899755501223
603008,19.16,9.19,0.47964509394572025
603009,11.83,4.39,0.3710904480135249
603010,11.45,6.9,0.6026200873362446
603011,7.05,4.46,0.6326241134751773
603012,5.77,5.1,0.8838821490467937
603013,16.39,7.62,0.46491763270286757
603015,9.99,3.28,0.3283283283283283
603016,19.38,5.56,0.2868937048503612
603017,10.06,5.23,0.5198807157057654
603018,7.69,6.58,0.8556566970091027
603019,37.26,11.73,0.3148148148148148
603020,9.13,8.11,0.8882803943044906
603021,5.6,1.29,0.23035714285714287
603022,9.92,3.69,0.3719758064516129
603023,4.86,1.36,0.27983539094650206
603025,12.16,2.28,0.18749999999999997
603026,52.05,19.5,0.3746397694524496
603027,17.7,2.6,0.14689265536723164
603028,12.72,2.4,0.18867924528301885
603029,19.6,6.63,0.3382653061224489
603030,3.37,-0.42,-0.12462908011869435
603031,45.44,5.47,0.12037852112676056
603032,21.15,5.2,0.24586288416075652
603033,17.73,4.34,0.24478285391990975
603035,19.78,12.43,0.628412537917088
603036,12.95,5.96,0.46023166023166023
603037,19.4,8.33,0.4293814432989691
603038,9.98,6.49,0.6503006012024048
603039,51.0,7.34,0.14392156862745098
603040,21.64,8.61,0.3978743068391867
603041,12.62,7.63,0.6045958795562599
603042,15.92,5.95,0.37374371859296485
603043,21.18,5.99,0.28281397544853637
603045,15.63,6.59,0.4216250799744082
603048,19.11,8.8,0.46049188906331767
603050,16.32,6.12,0.375
603051,33.65,14.34,0.42615156017830613
603052,31.48,16.07,0.5104828462515884
603053,10.17,4.89,0.48082595870206485
603055,12.44,4.66,0.37459807073954987
603056,15.19,6.83,0.44963791968400263
603057,23.08,5.04,0.21837088388214906
603058,8.05,2.58,0.3204968944099379
603059,22.71,11.73,0.5165125495376486
603060,9.66,2.41,0.24948240165631472
603061,92.57,22.69,0.2451118072809766
603063,24.31,8.18,0.3364870423693953
603065,13.82,5.11,0.36975397973950797
603066,9.98,4.35,0.4358717434869739
603067,10.09,5.15,0.5104063429137761
603068,29.34,11.73,0.3997955010224949
603069,19.04,2.99,0.15703781512605045
603070,16.53,4.93,0.2982456140350877
603071,15.12,8.71,0.5760582010582012
603073,19.77,10.66,0.5392008093070308
603075,25.68,2.92,0.11370716510903427
603076,27.93,10.9,0.39026136770497677
603077,2.37,2.21,0.9324894514767932
603078,16.69,5.6,0.33553025763930494
603079,13.77,7.78,0.5649963689179376
603080,16.72,9.52,0.569377990430622
603081,11.32,7.02,0.6201413427561837
603083,35.88,7.68,0.21404682274247488
603085,10.92,2.3,0.2106227106227106
603086,5.81,7.16,1.232358003442341
603087,46.82,17.05,0.36416061512174286
603088,8.36,1.55,0.18540669856459333
603089,14.01,4.93,0.3518915060670949
603090,20.7,5.52,0.26666666666666666
603093,12.28,5.52,0.4495114006514658
603095,17.02,19.56,1.1492361927144534
603096,18.26,12.41,0.6796276013143483
603097,20.82,5.28,0.25360230547550433
603098,16.44,5.01,0.30474452554744524
603099,13.74,3.38,0.24599708879184862
603100,29.11,8.99,0.30882858124355894
603101,6.85,2.95,0.43065693430656937
603102,39.55,22.92,0.579519595448799
603103,14.79,2.09,0.14131169709263017
603105,12.31,3.59,0.29163281884646625
603106,6.68,2.77,0.41467065868263475
603107,34.44,3.57,0.10365853658536586
603108,20.69,6.85,0.3310778153697438
603109,15.54,8.24,0.5302445302445303
603110,31.81,3.34,0.104998428167243
603111,5.19,3.67,0.7071290944123313
603112,12.12,5.76,0.4752475247524753
603113,8.22,10.02,1.218978102189781
603115,14.15,8.53,0.6028268551236748
603116,6.18,5.55,0.8980582524271845
603117,3.48,2.17,0.6235632183908045
603118,8.89,6.6,0.7424071991001124
603119,24.89,0,0.0
603121,8.62,3.42,0.39675174013921116
603122,8.21,2.98,0.3629719853836784
603123,12.97,4.29,0.330763299922899
603125,30.61,10.72,0.35021234890558645
603126,6.65,3.39,0.5097744360902255
603127,26.29,15.6,0.5933815138836059
603128,7.16,4.6,0.6424581005586592
603129,101.75,30.16,0.2964127764127764
603130,21.44,9.03,0.4211753731343283
603131,15.96,4,0.2506265664160401
603132,12.86,3.25,0.2527216174183515
603133,7.22,1.29,0.17867036011080334
603135,15.63,6.74,0.4312220089571337
603136,19.19,6.48,0.3376758728504429
603137,18.98,8.32,0.4383561643835617
603138,16.82,3.03,0.18014268727705113
603139,20.01,9.83,0.4912543728135932
603150,27.81,16.08,0.5782092772384034
603151,15.24,7.45,0.48884514435695536
603153,16.92,7.92,0.4680851063829787
603155,23.84,10.65,0.4467281879194631
603156,24.9,9.74,0.3911646586345382
603158,10.77,4,0.37140204271123495
603159,16.44,3.46,0.21046228710462286
603160,76.2,16.73,0.21955380577427822
603161,17.19,9.99,0.581151832460733
603162,15.59,5.87,0.3765234124438743
603163,38.61,13.03,0.3374773374773375
603165,13.12,7.43,0.5663109756097561
603166,7.11,3.73,0.5246132208157525
603167,7.71,7.82,1.014267185473411
603168,10.6,4.64,0.43773584905660373
603169,5.93,2.43,0.4097807757166948
603170,19.73,3.01,0.1525595539787126
603171,30.65,6.12,0.19967373572593802
603172,16.73,5.89,0.35206216377764493
603173,24.01,8.24,0.34319033735943355
603176,6.12,2.25,0.3676470588235294
603177,12.69,1.86,0.14657210401891255
603178,34.61,5.35,0.15457960127130888
603179,46.79,8.69,0.18572344518059414
603180,26.48,17.06,0.6442598187311178
603181,11.11,4.34,0.39063906390639064
603182,14.68,6.07,0.41348773841961856
603183,4.75,2.98,0.6273684210526316
603185,37.1,32.24,0.8690026954177897
603186,39.4,11.79,0.29923857868020304
603187,16.39,13.66,0.8334350213544844
603188,3.95,2.62,0.6632911392405063
603189,14.08,6.36,0.45170454545454547
603190,32.39,16.62,0.513121333744983
603191,15.25,7.05,0.4622950819672131
603192,19.44,10.16,0.522633744855967
603193,17.84,0,0.0
603195,104.71,21.89,0.20905357654474263
603196,16.03,3.4,0.21210230817217715
603197,64.1,12.37,0.19297971918876755
603198,74.61,9.54,0.1278648974668275
603199,26.2,12.24,0.467175572519084
603200,17.98,5.17,0.2875417130144605
603201,25.38,16.48,0.6493301812450749
603203,25.22,5.86,0.23235527359238703
603206,17.61,6.94,0.3940942646223737
603208,33.2,10.79,0.32499999999999996
603209,15.76,7.67,0.4866751269035533
603211,15.66,4.18,0.2669220945083014
603212,15.94,6.83,0.4284818067754078
603213,11.17,4.08,0.36526410026857653
603214,15.84,7.68,0.48484848484848486
603215,16.47,5.59,0.3394049787492411
603216,13.18,7.95,0.6031866464339909
603217,20.29,14.74,0.7264662395268605
603218,13.94,9.43,0.6764705882352942
603219,14.3,3.77,0.2636363636363636
603220,36.52,5.28,0.14457831325301204
603221,9.6,5.74,0.5979166666666668
603222,9.41,3.24,0.3443145589798087
603223,9.93,7.26,0.7311178247734139
603225,12.5,10.39,0.8312
603226,5.69,2.78,0.48857644991212645
603227,7.6,3.65,0.48026315789473684
603228,22.16,9.78,0.4413357400722021
603229,15.01,4.79,0.31912058627581613
603230,12.26,6.94,0.5660685154975531
603232,13.45,5.74,0.4267657992565056
603233,24.96,7.07,0.2832532051282051
603235,26.27,9.52,0.3623905595736582
603236,48.64,19.05,0.3916529605263158
603237,27.24,15.76,0.57856093979442
603238,14.03,7.28,0.518888096935139
603239,17.94,3.83,0.21348940914158304
603255,36.66,11.43,0.311783960720131
603256,8.39,1.7,0.20262216924910606
603258,25.13,9.96,0.39633903700756073
603259,86.92,16.79,0.19316612977450529
603260,57.08,26.96,0.47231955150665733
603261,33.95,11.09,0.3266568483063328
603266,36.03,6.9,0.19150707743547044
603267,56.19,17.68,0.3146467342943584
603268,16.95,1.37,0.08082595870206491
603269,14.69,8.36,0.5690946221919673
603270,30.53,6.07,0.19882083196855552
603272,17.34,6.25,0.3604382929642445
603273,27.61,2.35,0.08511408909815285
603275,43.17,7.36,0.1704887653463053
603276,23.16,0,0.0
603277,28.32,6.24,0.22033898305084745
603278,11.69,6.17,0.5278015397775877
603279,23.15,7.36,0.31792656587473006
603280,23.71,10.85,0.457612821594264
603281,28.61,17.26,0.6032855644879414
603282,27.34,8.48,0.31016825164594003
603283,54.5,9.25,0.16972477064220184
603286,19.75,5.24,0.26531645569620255
603288,37.53,6.07,0.16173727684519051
603289,9.6,4.68,0.4875
603290,189.46,34.82,0.18378549561912805
603291,15.19,3.76,0.2475312705727452
603296,80.87,0,0.0
603297,82.84,15.53,0.1874698213423467
603298,22.51,8.05,0.3576188360728565
603299,8.69,6.73,0.7744533947065594
603300,5.83,2.55,0.4373927958833619
603301,25.75,21.45,0.8330097087378641
603303,13.47,7,0.5196733481811433
603305,18.97,8.71,0.45914602003162897
603306,31.8,10.01,0.31477987421383646
603307,43.74,17.78,0.40649291266575216
603308,13.82,6.38,0.46164978292329956
603309,14.35,6.05,0.42160278745644597
603311,10.89,5.29,0.4857667584940312
603313,10.42,6.19,0.5940499040307102
603315,10.88,4.72,0.43382352941176466
603316,6.54,3.23,0.4938837920489297
603317,14.77,3.68,0.24915368991198378
603318,7.94,3.47,0.43702770780856426
603319,17.25,7.64,0.4428985507246377
603320,14.82,6.14,0.41430499325236164
603321,8.15,3.76,0.4613496932515337
603322,36.29,1.31,0.03609809864976578
603323,4.31,8.15,1.8909512761020884
603324,33.31,11.55,0.34674271990393274
603326,10.03,3.26,0.325024925224327
603327,13.68,3.75,0.2741228070175439
603328,8.08,3.66,0.452970297029703
603329,13.99,7.1,0.507505360972123
603330,7.95,4.47,0.5622641509433962
603331,13.52,5.94,0.4393491124260355
603332,9.76,7.55,0.7735655737704918
603333,4.85,3.43,0.7072164948453609
603335,6.73,1.17,0.17384843982169387
603336,5.01,2.62,0.5229540918163673
603337,21.37,8.99,0.4206832007487131
603338,54.85,14.58,0.2658158614402917
603339,11.87,7.37,0.6208930075821399
603345,128.97,41.37,0.3207722726215399
603348,40.72,11.79,0.28953831041257366
603351,26.46,11.15,0.42139077853363566
603353,27.69,9.75,0.352112676056338
603355,22.74,6.95,0.3056288478452067
603356,13.37,5.81,0.43455497382198954
603357,8.63,6.99,0.8099652375434531
603358,19.2,7.47,0.3890625
603359,8.08,8.14,1.0074257425742574
603360,10.11,5.93,0.5865479723046488
603363,8.06,2.48,0.30769230769230765
603365,14.35,10.64,0.7414634146341464
603366,5.7,4.57,0.8017543859649123
603367,13.93,12.11,0.8693467336683417
603368,20.83,17.16,0.8238118098895824
603369,57.89,9.82,0.16963206080497495
603377,5.39,2.91,0.5398886827458257
603378,8.8,3.96,0.44999999999999996
603379,27.97,9.4,0.33607436539149094
603380,24.89,7.89,0.31699477701888307
603383,53.84,8.11,0.15063150074294204
603385,7.56,10.15,1.3425925925925928
603386,12.49,4.66,0.37309847878302643
603387,11.33,5.13,0.4527802294792586
603388,7.7,4.16,0.5402597402597402
603389,6.11,1.82,0.2978723404255319
603390,11.4,4.47,0.3921052631578947
603392,44.95,14.99,0.33348164627363736
603393,27.6,12.64,0.4579710144927536
603396,48.2,12.77,0.2649377593360996
603398,17.82,2.19,0.12289562289562289
603399,10.45,4.57,0.4373205741626795
603408,11.53,6.49,0.5628794449262793
603416,37.93,14.25,0.37569206432902713
603421,9.4,5.01,0.5329787234042552
603429,8.69,2.78,0.3199079401611047
603439,18.13,3.16,0.17429674572531717
603444,279.29,59.6,0.21339825987325
603456,28.18,8.96,0.31795599716110723
603458,9.0,10.79,1.198888888888889
603466,12.2,3.76,0.3081967213114754
603477,32.07,6.85,0.2135952603679451
603486,44.32,11.79,0.2660198555956679
603488,8.89,3.43,0.3858267716535433
603489,48.34,24.16,0.4997931319817956
603496,26.91,5.69,0.21144555927164624
603499,9.65,3,0.31088082901554404
603500,11.47,3.78,0.3295553618134263
603501,106.39,15.42,0.14493843406335183
603505,29.32,3.19,0.10879945429740791
603506,11.53,5.69,0.49349522983521255
603507,25.79,16.1,0.6242729740209384
603508,15.57,11.64,0.7475915221579962
603511,16.07,11.53,0.7174859987554448
603515,19.43,8.17,0.4204837879567679
603516,19.19,5.72,0.2980719124544033
603517,35.45,11.18,0.3153737658674189
603518,8.88,9.22,1.0382882882882882
603519,13.24,5.73,0.4327794561933535
603520,15.58,5.18,0.3324775353016688
603527,10.53,4.84,0.459639126305793
603528,8.59,2.61,0.30384167636786963
603529,28.4,13.3,0.4683098591549296
603530,14.63,3.75,0.25632262474367734
603533,21.0,5.89,0.28047619047619043
603535,17.16,9.96,0.5804195804195804
603536,8.14,1.96,0.24078624078624075
603538,20.21,10.02,0.49579416130628395
603551,10.5,3.97,0.3780952380952381
603555,1.77,1.09,0.615819209039548
603556,22.92,12.6,0.5497382198952879
603557,2.24,1.35,0.6026785714285714
603558,9.16,6.57,0.7172489082969432
603559,8.83,2.43,0.27519818799547
603565,9.34,6.98,0.7473233404710922
603566,20.23,8.12,0.40138408304498263
603567,14.28,7.81,0.5469187675070027
603568,18.16,5.78,0.3182819383259912
603569,12.55,4.29,0.34183266932270917
603577,9.22,5.2,0.5639913232104121
603578,14.15,5.56,0.3929328621908127
603579,20.39,13.7,0.6718979892103972
603580,13.83,3.35,0.24222704266088216
603583,21.13,10.41,0.4926644581164222
603585,14.85,14.65,0.9865319865319866
603586,14.05,11.57,0.8234875444839858
603587,14.07,7.77,0.5522388059701492
603588,7.85,5.96,0.759235668789809
603589,49.5,15.73,0.31777777777777777
603590,39.09,19.27,0.4929649526733179
603595,39.39,8.05,0.2043665905052044
603596,75.84,10.65,0.14042721518987342
603598,10.08,0.58,0.057539682539682536
603599,16.6,14.17,0.8536144578313252
603600,9.28,5.98,0.644396551724138
603601,4.46,2.19,0.4910313901345291
603602,15.33,3.67,0.23939986953685582
603603,3.23,1.74,0.5386996904024768
603605,104.51,13.27,0.12697349535929575
603606,45.85,8.68,0.18931297709923664
603607,15.83,5.79,0.36576121288692354
603608,4.64,3.16,0.6810344827586208
603609,8.86,7.9,0.8916478555304741
603610,11.66,8.61,0.7384219554030874
603611,18.91,9.18,0.4854574299312533
603612,17.06,11.78,0.690504103165299
603613,38.21,11.08,0.28997644595655586
603615,10.23,5.01,0.4897360703812316
603616,5.99,1.87,0.31218697829716197
603617,8.73,3.81,0.436426116838488
603618,6.14,4.06,0.6612377850162866
603619,20.71,6.38,0.3080637373249638
603626,7.57,5.42,0.7159841479524438
603628,11.9,4.18,0.35126050420168065
603629,32.58,9.04,0.2774708410067526
603630,15.13,8.75,0.5783212161269001
603633,9.84,5.73,0.5823170731707318
603636,12.23,4.52,0.36958299264104655
603637,8.44,3.74,0.44312796208530814
603638,16.59,3.82,0.23025919228450872
603639,16.95,9.91,0.5846607669616519
603648,9.37,5.15,0.5496264674493064
603650,36.81,5.24,0.1423526215702255
603655,20.73,5,0.241196333815726
603656,13.22,7.17,0.5423600605143721
603657,15.14,7.94,0.52443857331572
603658,43.93,13.69,0.3116321420441612
603659,24.83,10.19,0.4103906564639549
603660,6.37,2.57,0.40345368916797486
603661,30.27,24.15,0.7978196233894945
603662,30.05,8.31,0.27653910149750416
603663,9.16,4.12,0.4497816593886463
603665,25.8,8.22,0.3186046511627907
603666,32.08,11.54,0.35972568578553615
603667,16.99,7.09,0.4173042966450854
603668,16.95,4.68,0.2761061946902655
603669,5.5,1.54,0.28
603676,10.76,2.96,0.275092936802974
603677,14.46,5.89,0.40733056708160437
603678,27.5,11.76,0.42763636363636365
603679,16.41,5.22,0.3180987202925046
603680,9.44,6.2,0.6567796610169492
603681,14.01,12.85,0.9172019985724482
603682,5.81,2.43,0.4182444061962135
603683,10.86,4.48,0.41252302025782694
603685,14.94,6.51,0.4357429718875502
603686,9.98,7.83,0.7845691382765531
603687,10.34,4.92,0.4758220502901354
603688,90.2,11.31,0.1253880266075388
603689,8.68,6.03,0.6947004608294931
603690,27.66,14.11,0.5101229211858279
603693,11.49,7.01,0.6100957354221062
603696,9.81,2.34,0.2385321100917431
603697,8.42,6.19,0.7351543942992874
603698,14.4,5.91,0.41041666666666665
603699,14.16,4.47,0.3156779661016949
603700,13.96,7.61,0.5451289398280802
603701,13.53,2.87,0.21212121212121213
603703,11.31,2.83,0.2502210433244916
603706,16.77,8.69,0.5181872391174717
603707,12.26,4.02,0.3278955954323001
603708,11.02,4,0.3629764065335753
603709,17.53,7.2,0.4107244723331432
603711,16.11,7.61,0.47237740533829925
603712,26.7,5.61,0.21011235955056182
603713,61.29,23.62,0.38538097568934576
603716,11.28,6.81,0.6037234042553191
603717,6.87,3.74,0.5443959243085881
603718,11.36,1.77,0.1558098591549296
603719,20.52,6.35,0.30945419103313837
603721,18.25,4.18,0.22904109589041094
603722,46.21,8.76,0.18956935728197358
603725,9.98,2.59,0.2595190380761523
603726,14.26,6.34,0.44460028050490885
603727,12.69,11.42,0.8999211977935383
603728,66.4,6.53,0.0983433734939759
603729,20.6,3.66,0.17766990291262136
603730,16.51,4.67,0.2828588734100545
603733,18.7,9.91,0.5299465240641712
603737,57.81,4.9,0.08476042207230583
603738,17.32,6.56,0.3787528868360277
603739,14.04,6.57,0.467948717948718
603755,30.41,7.09,0.23314699112134166
603757,23.53,9.61,0.4084147896302592
603758,11.01,6.21,0.5640326975476839
603759,8.41,5.08,0.6040428061831153
603766,5.55,3.89,0.700900900900901
603767,16.45,4.8,0.2917933130699088
603768,20.88,9.5,0.4549808429118774
603773,33.8,7.97,0.23579881656804735
603776,13.36,14.29,1.0696107784431137
603777,13.44,5.67,0.421875
603778,5.13,1.6,0.3118908382066277
603779,9.36,2.05,0.21901709401709402
603786,69.85,10.66,0.15261274158911955
603787,14.01,5.88,0.4197002141327623
603788,16.21,8.93,0.5508945095619987
603789,8.64,1.79,0.20717592592592593
603790,13.97,6.25,0.44738725841088045
603797,5.53,4.88,0.8824593128390597
603798,9.66,5.65,0.5848861283643892
603799,36.19,16.99,0.4694667035092567
603800,27.82,4.88,0.17541337167505391
603801,19.39,9.39,0.4842702423929861
603803,8.64,4.44,0.513888888888889
603806,25.12,10.77,0.4287420382165605
603808,10.39,7.68,0.739172281039461
603809,12.33,5.43,0.4403892944038929
603810,13.03,10.04,0.7705295471987721
603811,10.79,4.82,0.4467099165894347
603813,16.17,6.5,0.4019789734075448
603815,7.4,3.57,0.4824324324324324
603816,36.78,11.26,0.3061446438281675
603817,6.17,4.86,0.7876823338735819
603818,5.26,3.44,0.6539923954372624
603819,13.68,3.32,0.24269005847953215
603822,31.03,13.68,0.440863680309378
603823,10.1,6.82,0.6752475247524753
603825,11.64,6.18,0.5309278350515464
603826,53.56,3.85,0.07188200149365198
603828,3.66,1.46,0.3989071038251366
603829,14.83,5.42,0.3654753877275792
603833,85.99,27.19,0.3161995580881498
603836,15.71,8.67,0.5518777848504137
603838,6.53,3.19,0.4885145482388974
603839,7.44,5.26,0.7069892473118279
603843,3.84,2.2,0.5729166666666667
603848,15.17,5.22,0.34410019775873435
603855,17.93,5.58,0.31121026213050756
603856,11.68,8.42,0.7208904109589042
603858,17.2,11.59,0.6738372093023256
603859,39.65,15.18,0.3828499369482976
603860,27.09,10.96,0.404577334809893
603861,9.77,6.48,0.6632548618219039
603863,37.5,4.25,0.11333333333333333
603866,8.63,3.88,0.4495944380069524
603867,30.4,11.5,0.37828947368421056
603868,53.65,8.61,0.16048462255358806
603869,9.53,7.89,0.8279118572927597
603871,17.16,8.56,0.4988344988344989
603876,13.88,13.19,0.9502881844380403
603877,15.65,9.2,0.5878594249201278
603878,7.09,6.62,0.9337094499294781
603879,6.52,1.37,0.2101226993865031
603880,4.83,2.16,0.4472049689440994
603881,19.75,9.28,0.46987341772151897
603882,65.08,18.8,0.28887523048555624
603883,26.96,11.54,0.42804154302670616
603885,14.05,4.23,0.301067615658363
603886,19.12,6.72,0.3514644351464435
603887,7.8,7.59,0.9730769230769231
603888,25.53,6.36,0.2491186839012926
603889,6.83,5.96,0.8726207906295754
603890,10.86,6.19,0.5699815837937385
603893,66.99,6.99,0.10434393193013884
603895,23.4,4.43,0.1893162393162393
603896,37.41,10.01,0.26757551456829726
603897,18.73,13.45,0.7180993059263213
603898,11.02,9.82,0.8911070780399275
603899,40.29,7.71,0.1913626209977662
603900,6.4,6.44,1.00625
603901,11.82,5.37,0.4543147208121827
603903,9.74,6.52,0.6694045174537987
603906,12.58,7.9,0.6279809220985691
603908,40.12,8.44,0.21036889332003988
603909,11.57,4.7,0.4062229904926534
603912,9.67,4.91,0.5077559462254395
603915,17.19,5.07,0.2949389179755672
603916,11.84,10.07,0.8505067567567568
603917,18.54,6.93,0.3737864077669903
603918,19.85,2.95,0.1486146095717884
603919,27.15,6.57,0.24198895027624312
603920,17.9,5.74,0.32067039106145256
603922,25.17,8,0.31783869686134286
603926,11.7,7.01,0.5991452991452991
603927,30.5,4.68,0.15344262295081967
603928,12.45,7.49,0.6016064257028113
603929,25.85,5.61,0.2170212765957447
603931,29.88,6.86,0.22958500669344045
603933,16.31,5.96,0.36541998773758433
603936,10.75,8.11,0.7544186046511627
603937,12.76,7.59,0.5948275862068966
603938,17.35,8.71,0.5020172910662825
603939,35.78,12.49,0.34907769703745106
603948,22.65,12.77,0.5637969094922738
603949,25.28,4.87,0.19264240506329114
603950,14.27,10.01,0.7014716187806588
603955,15.87,11.94,0.7523629489603024
603956,7.71,3.96,0.5136186770428015
603958,9.19,3.61,0.39281828073993474
603959,7.88,1.49,0.18908629441624367
603960,14.56,3.85,0.2644230769230769
603963,11.08,1.81,0.16335740072202165
603966,8.28,4.89,0.5905797101449275
603967,9.65,6.49,0.672538860103627
603968,14.74,10.26,0.6960651289009497
603969,5.53,2.52,0.45569620253164556
603970,16.35,7.21,0.4409785932721712
603976,20.09,7.92,0.3942259830761573
603977,8.35,4.67,0.5592814371257485
603978,16.75,10.36,0.6185074626865671
603979,34.86,10.42,0.2989099254159495
603980,4.69,5.94,1.2665245202558635
603982,16.45,10.45,0.6352583586626139
603983,26.34,8.14,0.30903568716780566
603985,41.46,7.77,0.1874095513748191
603986,108.0,23.03,0.21324074074074076
603987,10.43,5.26,0.5043144774688398
603988,10.56,2.73,0.25852272727272724
603989,23.29,8.55,0.36711034778875057
603990,14.01,5.7,0.4068522483940043
603991,36.34,3.98,0.10952118877270224
603992,15.18,5.53,0.3642951251646904
603993,5.41,11.75,2.1719038817005543
603995,21.3,13.82,0.6488262910798122
603997,14.99,3.23,0.2154769846564376
603998,10.99,3.31,0.30118289353958144
603999,6.09,3.25,0.5336617405582923
605001,6.55,6.25,0.9541984732824428
605003,19.82,10.44,0.5267406659939454
605005,18.83,4.06,0.21561338289962825
605006,7.11,4.88,0.6863572433192686
605007,15.26,5.44,0.35648754914809966
605008,14.48,3.24,0.22375690607734808
605009,39.9,19.94,0.499749373433584
605011,24.73,5.19,0.20986655883542257
605016,27.25,7.83,0.28733944954128443
605018,11.44,5.56,0.486013986013986
605020,23.15,9.39,0.4056155507559396
605028,18.31,7.5,0.4096122337520481
605033,19.36,8.39,0.4333677685950414
605050,11.05,8.16,0.7384615384615384
605055,7.17,2.5,0.3486750348675035
605056,12.26,3.82,0.31158238172920066
605058,22.15,10.89,0.4916478555304741
605060,19.73,8.83,0.44754181449569186
605066,8.78,4.54,0.5170842824601367
605068,25.0,10.99,0.4396
605069,10.38,6.89,0.663776493256262
605077,22.06,12.02,0.5448776065276518
605080,23.44,18.34,0.7824232081911262
605081,13.95,14.11,1.0114695340501791
605086,24.0,8.84,0.36833333333333335
605088,20.43,11.39,0.5575134605971611
605089,37.27,12.49,0.33512208210356853
605090,24.31,11.79,0.48498560263266144
605098,37.83,9.19,0.2429288924134285
605099,20.13,5.92,0.29408842523596623
605100,15.36,10.65,0.693359375
605108,29.48,7.92,0.26865671641791045
605111,42.7,15.98,0.37423887587822013
605116,25.1,4.27,0.17011952191235058
605117,70.61,19.25,0.2726242741821272
605118,15.5,3.39,0.21870967741935485
605122,15.3,12.86,0.8405228758169934
605123,82.72,33.06,0.3996615087040619
605128,53.28,14.23,0.26707957957957956
605133,28.45,11.54,0.4056239015817223
605136,10.27,6.18,0.6017526777020448
605138,7.84,4.62,0.5892857142857143
605151,19.9,9.76,0.4904522613065327
605155,15.97,8.55,0.5353788353162179
605158,7.56,4.37,0.5780423280423281
605162,9.08,2.94,0.3237885462555066
605166,9.65,5.17,0.5357512953367876
605167,9.02,3.4,0.376940133037694
605168,61.49,26.82,0.4361684826801106
605169,11.18,6.19,0.5536672629695886
605177,29.7,16.4,0.5521885521885521
605178,20.85,17.46,0.837410071942446
605179,12.07,2.7,0.22369511184755594
605180,13.75,8.56,0.6225454545454546
605183,15.17,6.57,0.43309162821357944
605186,37.45,7.46,0.19919893190921226
605188,9.83,2.28,0.23194303153611392
605189,16.01,14,0.8744534665833853
605196,7.27,4.96,0.6822558459422283
605198,20.49,6.8,0.33186920448999513
605199,15.4,2.64,0.17142857142857143
605208,9.22,8.12,0.8806941431670281
605218,15.82,5.7,0.36030341340075855
605222,20.05,10.32,0.514713216957606
605228,11.2,3.48,0.3107142857142857
605255,16.95,6.35,0.3746312684365782
605258,28.15,13.16,0.4674955595026643
605259,22.89,17.39,0.7597204019222368
605266,55.3,26.84,0.48535262206148283
605268,10.22,3.77,0.3688845401174168
605277,15.38,6.38,0.4148244473342002
605286,24.22,9.26,0.3823286540049546
605287,17.07,17.47,1.0234329232571762
605288,44.5,29.99,0.6739325842696628
605289,35.27,11.56,0.3277573008222285
605296,21.42,8.74,0.4080298786181139
605298,15.33,6.94,0.45270711024135685
605299,10.72,3.17,0.2957089552238806
605300,16.47,5.21,0.31633272616879177
605303,11.64,8.43,0.7242268041237113
605305,29.57,14.34,0.484950963814677
605318,18.0,6.1,0.33888888888888885
605319,21.75,7.73,0.3554022988505747
605333,19.27,3.35,0.17384535547483135
605336,15.09,10.63,0.704440026507621
605337,15.62,5.89,0.37708066581306016
605338,22.69,8.43,0.37152930806522694
605339,18.93,7.69,0.40623349181193874
605358,32.9,12.14,0.36899696048632225
605365,17.55,6.5,0.37037037037037035
605366,8.15,4.62,0.5668711656441717
605368,9.71,7.8,0.8032955715756951
605369,56.66,14.38,0.25379456406636075
605376,28.9,6.46,0.2235294117647059
605377,21.23,11.18,0.526613283089967
605378,23.14,9,0.38893690579083834
605388,13.02,4.52,0.34715821812596004
605389,25.75,13.77,0.5347572815533981
605398,33.2,12.38,0.37289156626506026
605399,14.39,9.31,0.6469770674079222
605488,14.89,6.01,0.4036265950302216
605499,182.49,13.59,0.07446983396350484
605500,8.07,7.97,0.9876084262701362
605507,19.64,12.84,0.6537678207739307
605555,20.41,9.69,0.4747672709456149
605566,21.43,15.01,0.7004199720018666
605567,12.83,5.79,0.4512860483242401
605577,14.63,8.02,0.5481886534518113
605580,11.73,4.57,0.3895993179880648
605588,53.89,13.99,0.2596028947856745
605589,21.78,11,0.505050505050505
605598,26.28,9,0.3424657534246575
605599,13.7,4.7,0.34306569343065696
